{"cameraMode":{"drawMode":0,"name":"Shaded","section":"Shading Mode"},"sceneLighting":false,"audioPlay":false,"sceneViewState":{"m_AlwaysRefresh":true,"showFog":true,"showSkybox":true,"showFlares":true,"showImageEffects":true,"showParticleSystems":true,"showVisualEffectGraphs":true,"m_FxEnabled":true},"in2DMode":false,"pivot":{"x":-0.23803138732910157,"y":0.8001664876937866,"z":-0.7747910022735596},"rotation":{"x":-0.0670100674033165,"y":0.8732637763023377,"z":-0.12556318938732148,"w":-0.4660114347934723},"size":1.4334306716918946,"orthographic":false}