{"cameraMode":{"drawMode":0,"name":"Shaded","section":"Shading Mode"},"sceneLighting":false,"audioPlay":false,"sceneViewState":{"m_AlwaysRefresh":true,"showFog":true,"showSkybox":true,"showFlares":true,"showImageEffects":true,"showParticleSystems":true,"showVisualEffectGraphs":true,"m_FxEnabled":true},"in2DMode":false,"pivot":{"x":0.35795319080352785,"y":0.12653636932373048,"z":0.42864012718200686},"rotation":{"x":-0.009016214869916439,"y":0.960738480091095,"z":-0.2755461037158966,"w":-0.03142571449279785},"size":6.423449516296387,"orthographic":false}