{"cameraMode":{"drawMode":0,"name":"Shaded","section":"Shading Mode"},"sceneLighting":false,"audioPlay":false,"sceneViewState":{"m_AlwaysRefresh":true,"showFog":true,"showSkybox":true,"showFlares":true,"showImageEffects":true,"showParticleSystems":true,"showVisualEffectGraphs":true,"m_FxEnabled":true},"in2DMode":false,"pivot":{"x":3.33682918548584,"y":-2.5500001907348635,"z":-3.6970791816711427},"rotation":{"x":0.014898785389959813,"y":0.9846532344818115,"z":-0.13706226646900178,"w":0.10705901682376862},"size":0.9724324941635132,"orthographic":false}